{
    "type": "smelting",
    "ingredient": [
        {
            "item": "minecraft:rotten_flesh"
        },
        {
            "item": "minecraft:leather_boots"
        },
        {
            "item": "minecraft:leather_chestplate"
        },
        {
            "item": "minecraft:leather_helmet"
        },
        {
            "item": "minecraft:leather_horse_armor"
        },
        {
            "item": "minecraft:leather_leggings"
        }
    ],
    "result": "minecraft:leather",
    "cookingtime": 100,
    "experience": 1
}