{
    "type": "minecraft:crafting_shaped",
    "pattern": [
      "XGX",
      "X#X",
      "YZY"
    ],
    "key": {
      "#": {
        "item": "minecraft:egg"
      },
      "X":{
        "item": "minecraft:white_wool"
      },
      "Y":{
        "item": "minecraft:slime_ball"
      },
      "Z":{
        "item": "minecraft:water_bottle"
      },
      "G":{
        "item": "minecraft:light_blue_carpet"
      }
    },
    "result": {
      "item": "minecraft:trader_llama_spawn_egg"
    }
  }