{
    "parent": "minecraft:emp_redstone/quartz",
    "display": {
        "icon": {
            "item": "minecraft:comparator"
        },
        "title": "来做两道数学题吧",
        "description": "放置红石比较器",
        "frame": "task"

    },
    "criteria": {
        "comparator_put": {
            "trigger": "minecraft:placed_block",
            "conditions":{
                "block": "minecraft:comparator"

            }
        }
    },
    "requirements": [
        ["comparator_put"]
    ]
}