{
    "parent": "minecraft:emp_redstone/root",
    "display": {
      "icon": {
        "item": "minecraft:brain_coral"
      },
      "title": {
        "translate": "经典的复制珊瑚"
      },
      "description": {
        "translate": "获得脑纹珊瑚"
      },
      "frame": "challenge",
      "show_toast": true,
      "announce_to_chat": true,
      "hidden": true
    },
    "criteria": {
      "brain_coral": {
        "trigger": "minecraft:inventory_changed",
        "conditions": {
          "items": [
            {
              "items": [
                "brain_coral"
              ]
            }
          ]
        }
      }
    },
    "requirements": [
      [
        "brain_coral"
      ]
    ]
  }