{
    "parent": "minecraft:emp_redstone/quartz",
    "display": {
      "icon": {
        "item": "minecraft:daylight_detector"
      },
      "title": {
        "translate": "这是浴霸吗？"
      },
      "description": {
        "translate": "获得阳光传感器"
      },
      "frame": "task",
      "show_toast": true,
      "announce_to_chat": true,
      "hidden": false
    },
    "criteria": {
      "daylight_detector": {
        "trigger": "minecraft:inventory_changed",
        "conditions": {
          "items": [
            {
              "items": [
                "minecraft:daylight_detector"
              ]
            }
          ]
        }
      }
    },
    "requirements": [
      [
        "daylight_detector"
      ]
    ]
  }