{
    "parent": "minecraft:emp_redstone/root",
    "display": {
        "icon": {
            "item": "minecraft:dispenser"
        },
        "title": "射！",
        "description": "放置发射器",
        "frame": "task"

    },
    "criteria": {
        "dispenser_put": {
            "trigger": "minecraft:placed_block",
            "conditions":{
                "block": "minecraft:dispenser"

            }
        }
    },
    "requirements": [
        ["dispenser_put"]
    ]
}