{
    "parent": "minecraft:emp_redstone/dispenser",
    "display": {
        "icon": {
            "item": "minecraft:dropper"
        },
        "title": "唉？怎么射不出去？",
        "description": "放置投掷器",
        "frame": "task"

    },
    "criteria": {
        "dropper_put": {
            "trigger": "minecraft:placed_block",
            "conditions":{
                "block": "minecraft:dropper"

            }
        }
    },
    "requirements": [
        ["dropper_put"]
    ]
}