{
    "parent": "minecraft:emp_redstone/root",
    "display": {
      "icon": {
        "item": "minecraft:glass_bottle"
      },
      "title": {
        "translate": "再也不缺红石了"
      },
      "description": {
        "translate": "找到女巫小屋"
      },
      "frame": "challenge",
      "show_toast": true,
      "announce_to_chat": true,
      "hidden": false
    },
    "criteria": {
      "fortress": {
        "trigger": "minecraft:location",
        "conditions": {
          "location": {
            "feature": "swamp_hut"
          }
        }
      }
    },
    "requirements": [
      [
        "fortress"
      ]
    ]
  }