{
    "parent": "minecraft:emp_redstone/root",
    "display": {
        "icon": {
            "item": "minecraft:hopper"
        },
        "title": "诶嘿嘿嘿嘿，鸡汤没喽！",
        "description": "放置漏斗",
        "frame": "task"

    },
    "criteria": {
        "hopper_put": {
            "trigger": "minecraft:placed_block",
            "conditions":{
                "block": "minecraft:hopper"

            }
        }
    },
    "requirements": [
        ["hopper_put"]
    ]
}