{
    "parent": "minecraft:emp_redstone/root",
    "display": {
        "icon": {
            "item": "minecraft:lectern"
        },
        "title": "好好学习！",
        "description": "放置讲台",
        "frame": "task"

    },
    "criteria": {
        "lectern_put": {
            "trigger": "minecraft:placed_block",
            "conditions":{
                "block": "minecraft:lectern"

            }
        }
    },
    "requirements": [
        ["lectern_put"]
    ]
}