{
    "parent": "minecraft:emp_redstone/root",
    "display": {
        "icon": {
            "item": "minecraft:lever"
        },
        "title": "拉下他！",
        "description": "放置拉杆",
        "frame": "task"

    },
    "criteria": {
        "lever_put": {
            "trigger": "minecraft:placed_block",
            "conditions":{
                "block": "minecraft:lever"

            }
        }
    },
    "requirements": [
        ["lever_put"]
    ]
}