{
    "parent": "minecraft:emp_redstone/root",
    "display": {
      "icon": {
        "item": "minecraft:lightning_rod"
      },
      "title": {
        "translate": "雷霆之杖"
      },
      "description": {
        "translate": "获得避雷针"
      },
      "frame": "goal",
      "show_toast": true,
      "announce_to_chat": true,
      "hidden": false
    },
    "criteria": {
      "lightning_rod": {
        "trigger": "minecraft:inventory_changed",
        "conditions": {
          "items": [
            {
              "items": [
                "minecraft:lightning_rod"
              ]
            }
          ]
        }
      }
    },
    "requirements": [
      [
        "lightning_rod"
      ]
    ]
  }