{
    "parent": "minecraft:emp_redstone/quartz",
    "display": {
        "icon": {
            "item": "minecraft:observer"
        },
        "title": "让我看看！",
        "description": "放置侦测器",
        "frame": "task"

    },
    "criteria": {
        "observer_put": {
            "trigger": "minecraft:placed_block",
            "conditions":{
                "block": "minecraft:observer"

            }
        }
    },
    "requirements": [
        ["observer_put"]
    ]
}