{
    "parent": "minecraft:emp_redstone/root",
    "display": {
      "icon": {
        "item": "minecraft:piston"
      },
      "title": {
        "translate": "快，推走它！"
      },
      "description": {
        "translate": "获得活塞"
      },
      "frame": "task",
      "show_toast": true,
      "announce_to_chat": true,
      "hidden": false
    },
    "criteria": {
      "piston": {
        "trigger": "minecraft:inventory_changed",
        "conditions": {
          "items": [
            {
              "items": [
                "minecraft:piston"
              ]
            }
          ]
        }
      }
    },
    "requirements": [
      [
        "piston"
      ]
    ]
  }