{
    "parent": "minecraft:emp_redstone/root",
    "display": {
      "icon": {
        "item": "minecraft:quartz"
      },
      "title": {
        "translate": "来自下界的矿物"
      },
      "description": {
        "translate": "获得石英"
      },
      "frame": "task",
      "show_toast": true,
      "announce_to_chat": true,
      "hidden": false
    },
    "criteria": {
      "quartz": {
        "trigger": "minecraft:inventory_changed",
        "conditions": {
          "items": [
            {
              "items": [
                "minecraft:quartz"
              ]
            }
          ]
        }
      }
    },
    "requirements": [
      [
        "quartz"
      ]
    ]
  }