{
    "parent": "minecraft:emp_redstone/root",
    "display": {
        "icon": {
            "item": "minecraft:redstone_torch"
        },
        "title": "更好的光（电）源",
        "description": "放置红石火把",
        "frame": "task"

    },
    "criteria": {
        "redstone_torch_put": {
            "trigger": "minecraft:placed_block",
            "conditions":{
                "block": "minecraft:redstone_torch"

            }
        }
    },
    "requirements": [
        ["redstone_torch_put"]
    ]
}