{
    "parent": "minecraft:emp_redstone/root",
    "display": {
        "icon": {
            "item": "minecraft:redstone_lamp"
        },
        "title": "变亮了",
        "description": "放置红石灯",
        "frame": "task"

    },
    "criteria": {
        "redstone_lamp_put": {
            "trigger": "minecraft:placed_block",
            "conditions":{
                "block": "minecraft:redstone_lamp"

            }
        }
    },
    "requirements": [
        ["redstone_lamp_put"]
    ]
}