{
    "parent": "minecraft:emp_redstone/root",
    "display": {
        "icon": {
            "item": "minecraft:repeater"
        },
        "title": "中继信号",
        "description": "放置（雷石东直放站）红石中继器",
        "frame": "task"

    },
    "criteria": {
        "repeater_put": {
            "trigger": "minecraft:placed_block",
            "conditions":{
                "block": "minecraft:repeater"

            }
        }
    },
    "requirements": [
        ["repeater_put"]
    ]
}