{
    "display": {
      "icon": {
        "item": "minecraft:redstone"
      },
      "title": {
        "translate":"生电之路"
      },
      "description": {
        "translate": "一切的一切，\n在EMP中展开"
      },
      "frame": "task",
      "show_toast": false,
      "announce_to_chat": false,
      "hidden": false,
      "background": "minecraft:textures/block/redstone_block.png"
    },
    "criteria": {
      "redstone": {
        "trigger": "minecraft:inventory_changed",
        "conditions": {
          "items": [
            {
              "items": [
                "minecraft:redstone"
              ]
            }
          ]
        }
      }
    },
    "requirements": [
      [
        "redstone"
      ]
    ]
  }