{
    "parent": "minecraft:emp_redstone/root",
    "display": {
      "icon": {
        "item": "minecraft:slime_ball"
      },
      "title": {
        "translate": "QQ弹弹"
      },
      "description": {
        "translate": "获得粘液球"
      },
      "frame": "task",
      "show_toast": true,
      "announce_to_chat": true,
      "hidden": false
    },
    "criteria": {
      "slime_ball": {
        "trigger": "minecraft:inventory_changed",
        "conditions": {
          "items": [
            {
              "items": [
                "minecraft:slime_ball"
              ]
            }
          ]
        }
      }
    },
    "requirements": [
      [
        "slime_ball"
      ]
    ]
  }