{
    "parent": "minecraft:emp_redstone/root",
    "display": {
        "icon": {
            "item": "minecraft:redstone"
        },
        "title": "生电的开始",
        "description": "放置第一块红石",
        "frame": "task"
    },
    "criteria": {
        "redstone_put": {
            "trigger": "minecraft:placed_block",
            "conditions":{
                "block": "minecraft:redstone_wire"

            }
        }
    },
    "requirements": [
        ["redstone_put"]
    ]
}