{
    "parent": "minecraft:emp_redstone/piston",
    "display": {
      "icon": {
        "item": "minecraft:sticky_piston"
      },
      "title": {
        "translate": "再把它拉回来！"
      },
      "description": {
        "translate": "获得粘性活塞"
      },
      "frame": "task",
      "show_toast": true,
      "announce_to_chat": true,
      "hidden": false
    },
    "criteria": {
      "sticky_piston": {
        "trigger": "minecraft:inventory_changed",
        "conditions": {
          "items": [
            {
              "items": [
                "minecraft:sticky_piston"
              ]
            }
          ]
        }
      }
    },
    "requirements": [
      [
        "sticky_piston"
      ]
    ]
  }