{
    "parent": "minecraft:emp_redstone/root",
    "display": {
        "icon": {
            "item": "minecraft:target"
        },
        "title": "百步穿杨",
        "description": "放置标靶",
        "frame": "task"

    },
    "criteria": {
        "target_put": {
            "trigger": "minecraft:placed_block",
            "conditions":{
                "block": "minecraft:target"

            }
        }
    },
    "requirements": [
        ["target_put"]
    ]
}