{
    "parent": "minecraft:emp_redstone/tripwire_hook",
    "display": {
        "icon": {
            "item": "minecraft:trapped_chest"
        },
        "title": "不要打开它！",
        "description": "放置陷阱箱",
        "frame": "goal"

    },
    "criteria": {
        "trapped_chest_put": {
            "trigger": "minecraft:placed_block",
            "conditions":{
                "block": "minecraft:trapped_chest"

            }
        }
    },
    "requirements": [
        ["trapped_chest_put"]
    ]
}