{
    "parent": "minecraft:emp_redstone/root",
    "display": {
      "icon": {
        "item": "minecraft:tripwire_hook"
      },
      "title": {
        "translate": "陷阱是怎样诞生的"
      },
      "description": {
        "translate": "获得绊线钩"
      },
      "frame": "task",
      "show_toast": true,
      "announce_to_chat": true,
      "hidden": false
    },
    "criteria": {
      "tripwire_hook": {
        "trigger": "minecraft:inventory_changed",
        "conditions": {
          "items": [
            {
              "items": [
                "minecraft:tripwire_hook"
              ]
            }
          ]
        }
      }
    },
    "requirements": [
      [
        "tripwire_hook"
      ]
    ]
  }