{
    "parent": "minecraft:husbandry/root",
    "display": {
      "icon": {
        "item": "minecraft:cake"
      },
      "title": {
        "translate": "蛋糕是个谎言"
      },
      "description": {
        "translate": "获得蛋糕"
      },
      "frame": "goal",
      "show_toast": true,
      "announce_to_chat": true,
      "hidden": false
    },
    "criteria": {
      "cake": {
        "trigger": "minecraft:inventory_changed",
        "conditions": {
          "items": [
            {
              "items": [
                "minecraft:cake"
              ]
            }
          ]
        }
      }
    },
    "requirements": [
      [
        "cake"
      ]
    ]
  }