{
    "parent": "minecraft:end/elytra",
    "display": {
        "icon": {
            "item": "minecraft:firework_rocket"
        },
        "title": "喜之郎太空人",
        "description": "使用 鞘翅 飞到末地y轴100km+处\n(insp.flyky)",
        "frame": "challenge"

    },
    "croteria": {
        "fly_high": {
            "trigger": "minecraft:location",
            "conditions": {
                "dimension": "minecraft:the_end",
                "position": {
                    "y": {
                        "min": 100000,
                        "max": 100999
                    }
                }
            }

        },
        "use_elytra": {
            "trigger": "item_durability_changed",
            "conditions": {
                "delta": -1,
                "item": {
                    "item":"minecraft:elytra"
                }
            }
        }

    },
    "requirements": [
        ["fly_high"],["use_elytra"]
    ],
    "rewards": {
        "experience": 30
    }
}