{
    "parent": "minecraft:adventure/root",
    "display": {
      "icon": {
        "item": "minecraft:netherite_pickaxe",
        "nbt": "{Damage:0}"
      },
      "title": {
        "translate": "哎呀，我的神镐！"
      },
      "description": {
        "translate": "用坏一把下界合金镐"
      },
      "frame": "challenge",
      "show_toast": true,
      "announce_to_chat": true,
      "hidden": false
    },
    "rewards": {
      "experience": 100
    },
    "criteria": {
      "broke_hoe": {
        "trigger": "minecraft:item_durability_changed",
        "conditions": {
          "item": {
            "item": "minecraft:netherite_pickaxe"
          },
          "durability": 0
        }
      }
    },
    "requirements": [
      [
        "broke_hoe"
      ]
    ]
  }