{
    "parent": "minecraft:adventure/root",
    "display": {
      "icon": {
        "item": "minecraft:bread"
      },
      "title": {
        "translate": "法国货"
      },
      "description": {
        "translate": "获得面包"
      },
      "frame": "task",
      "show_toast": true,
      "announce_to_chat": true,
      "hidden": false
    },
    "criteria": {
      "bread": {
        "trigger": "minecraft:inventory_changed",
        "conditions": {
          "items": [
            {
              "items": [
                "minecraft:bread"
              ]
            }
          ]
        }
      }
    },
    "requirements": [
      [
        "bread"
      ]
    ]
  }