{
    "parent": "minecraft:adventure/root",
    "display": {
      "icon": {
        "item": "minecraft:grass"
      },
      "title": {
        "translate": "草？草！"
      },
      "description": {
        "translate": "获得草"
      },
      "frame": "task",
      "show_toast": true,
      "announce_to_chat": true,
      "hidden": false
    },
    "criteria": {
      "grass": {
        "trigger": "minecraft:inventory_changed",
        "conditions": {
          "items": [
            {
              "items": [
                "minecraft:grass"
              ]
            }
          ]
        }
      }
    },
    "requirements": [
      [
        "grass"
      ]
    ]
  }