{
    "parent": "minecraft:adventure/root",
    "display": {
      "icon": {
        "item": "minecraft:player_head"
      },
      "title": {
        "translate": "请停止你的行为！"
      },
      "description": {
        "translate": "获得玩家头颅"
      },
      "frame": "task",
      "show_toast": true,
      "announce_to_chat": true,
      "hidden": false
    },
    "criteria": {
      "player_head": {
        "trigger": "minecraft:inventory_changed",
        "conditions": {
          "items": [
            {
              "items": [
                "minecraft:player_head"
              ]
            }
          ]
        }
      }
    },
    "requirements": [
      [
        "player_head"
      ]
    ]
  }