{
    "parent": "minecraft:adventure/bread",
    "display": {
      "icon": {
        "item": "minecraft:spyglass"
      },
      "title": "那是法国国旗吗?",
      "description": "透过望远镜观察白色旗帜",
      "frame": "task",
      "show_toast": true,
      "announce_to_chat": true,
      "hidden": false
    },
    "criteria": {
      "white_banner": {
        "trigger": "minecraft:using_item",
        "conditions": {
          "player": [
            {
              "condition": "minecraft:entity_properties",
              "predicate": {
                "player": {
                  "looking_at": {
                    "type": "minecraft:item",
                    "nbt": "{Item: {id: \"minecraft:white_banner\"}}"
                  }
                }
              },
              "entity": "this"
            }
          ],
          "item": {
            "items": [
              "minecraft:spyglass"
            ]
          }
        }
      }
    },
    "requirements": [
      [
        "white_banner"
      ]
    ]
  }