{
    "parent": "minecraft:story/crafting_table",
    "display": {
      "icon": {
        "item": "minecraft:anvil"
      },
      "title": {
        "translate": "Forge安装成功"
      },
      "description": {
        "translate": "获得铁砧"
      },
      "frame": "task",
      "show_toast": true,
      "announce_to_chat": true,
      "hidden": false
    },
    "criteria": {
      "anvil": {
        "trigger": "minecraft:inventory_changed",
        "conditions": {
          "items": [
            {
              "items": [
                "minecraft:anvil"
              ]
            }
          ]
        }
      }
    },
    "requirements": [
      [
        "anvil"
      ]
    ]
  }