{
    "parent": "minecraft:story/anvil",
    "display": {
      "icon": {
        "item": "minecraft:chipped_anvil"
      },
      "title": {
        "translate": "Forge出现问题"
      },
      "description": {
        "translate": "获得开裂的铁砧"
      },
      "frame": "task",
      "show_toast": true,
      "announce_to_chat": true,
      "hidden": false
    },
    "criteria": {
      "chipped_anvil": {
        "trigger": "minecraft:inventory_changed",
        "conditions": {
          "items": [
            {
              "items": [
                "minecraft:chipped_anvil"
              ]
            }
          ]
        }
      }
    },
    "requirements": [
      [
        "chipped_anvil"
      ]
    ]
  }