{
    "parent": "minecraft:story/root",
    "display": {
        "icon": {
            "item": "minecraft:crafting_table"
        },
        "title": "HMCL安装成功",
        "description": "放置工作台",
        "frame": "task"

    },
    "criteria": {
        "crafting_table_put": {
            "trigger": "minecraft:placed_block",
            "conditions":{
                "block": "minecraft:crafting_table"

            }
        }
    },
    "requirements": [
        ["crafting_table_put"]
    ]
}