{
    "parent": "minecraft:story/chipped_anvil",
    "display": {
      "icon": {
        "item": "minecraft:damaged_anvil"
      },
      "title": {
        "translate": "哦不！Forge崩溃了"
      },
      "description": {
        "translate": "获得损坏的铁砧"
      },
      "frame": "task",
      "show_toast": true,
      "announce_to_chat": true,
      "hidden": false
    },
    "criteria": {
      "damaged_anvil": {
        "trigger": "minecraft:inventory_changed",
        "conditions": {
          "items": [
            {
              "items": [
                "minecraft:damaged_anvil"
              ]
            }
          ]
        }
      }
    },
    "requirements": [
      [
        "damaged_anvil"
      ]
    ]
  }