{
    "parent": "minecraft:story/smelt_iron",
    "display": {
        "icon": {
            "item": "minecraft:powder_snow_bucket"
        },
        "title": "这是冰激凌吗？",
        "description": "用 桶 获取冰激凌",
        "frame": "goal"

    },
    "criteria": {
        "bucket_filled": {
            "trigger": "minecraft:filled_bucket",
            "conditions": {
                "item": {
                    "items": [
                        "minecraft:powder_snow_bucket"
                    ]
                }
            }
        }
    },
    "requirements": [
        ["bucket_filled"]
    ]
}