{
    "parent": "minecraft:story/form_obsidian",
    "display": {
        "icon": {
            "item": "minecraft:bedrock"
        },
        "title": "完了，放错了",
        "description": "放置一块基岩",
        "frame": "challenge"

    },
    "criteria": {
        "bedrock_put": {
            "trigger": "minecraft:placed_block",
            "conditions":{
                "block": "minecraft:bedrock"

            }
        }
    },
    "requirements": [
        ["bedrock_put"]
    ]
}