{
    "parent": "minecraft:emp_eastereggs/root",
    "display": {
        "icon": {
            "item": "minecraft:bow"
        },
        "title": "虚空索敌",
        "description": "瞄准盔甲架",
        "frame": "goal"
        
    },
    "criteria": {
        "target_armorstand": {
          "trigger": "minecraft:using_item",
          "conditions": {
            "player": [
              {
                "condition": "minecraft:entity_properties",
                "predicate": {
                  "player": {
                    "looking_at": {
                      "type": "minecraft:armor_stand"
                    }
                  }
                },
                "entity": "this"
              }
            ],
            "item": {
              "items": [
                "minecraft:bow"
              ]
            }
          }
        }
      },
    "requirements": [
        ["target_armorstand"]
    ]
}