{
    "parent": "minecraft:emp_eastereggs/root",
    "display": {
        "icon": {
            "item": "minecraft:ghast_tear"
        },
        "title": "小学生黑化成就包",
        "description": "获得 恶魂之泪 以解锁成就包",
        "frame": "goal"
    },
    "criteria": {
        "can_get_emotions": {
          "trigger": "minecraft:inventory_changed",
          "conditions": {
            "items": [
              {
                "items": [
                  "minecraft:ghast_tear"
                ]
              }
            ]
          }
        }
      },
    "requirements": [
        ["can_get_emotions"]
    ]
}