{
    "parent": "minecraft:emp_eastereggs/root",
    "display": {
        "icon": {
            "item": "minecraft:experience_orb"
        },
        "title": "经验值赠送",
        "description": "赠送大幅经验值",
        "frame": "challenge",
        "show_toast": true,
        "announce_to_chat": false,
        "hidden": true
    },
    "criteria": {
        "get_experience": {
          "trigger": "minecraft:inventory_changed",
          "conditions": {
            "items": [
              {
                "items": [
                  "minecraft:light"
                ]
              }
            ]
          }
        }
      },
    "requirements": [
        ["get_experience"]
    ],
    "rewards": {
        "experience": 20080404
    }
}