{
    "parent": "minecraft:emp_eastereggs/get_gold_block",
    "display": {
        "icon": {
            "item": "minecraft:pink_wool"
        },
        "title": "粉色是虚伪",
        "description": "获得粉红色羊毛",
        "frame": "challenge"

    },
    "criteria": {
        "get_pink_wool": {
          "trigger": "minecraft:inventory_changed",
          "conditions": {
            "items": [
              {
                "items": [
                  "minecraft:pink_wool"
                ]
              }
            ]
          }
        }
      },
    "requirements": [
        ["get_pink_wool"]
    ]
}