{
    "parent": "minecraft:emp_eastereggs/root",
    "display": {
        "icon": {
            "item": "minecraft:netherite_sword"
        },
        "title": "子航杀手",
        "description": "杀死名为 huanjingzihang 的玩家",
        "frame": "challenge"

    },
    "criteria": {
        "killed_zihang": {
            "trigger": "minecraft:player_killed_entity",
            "conditions": {
                "entity": [
                    {
                        "condition": "minecraft:entity_properties",
                        "predicate": {
                            "type": "players",
                            "name": "huanjingzihang"
                        }
                    }
                ]
            }
        },
        "zihang_dead": {
            "trigger": "minecraft:entity_killed_player",
            "conditions": {
                "entity": [
                    {
                        "type": "players"
                    }
                ]
            }
        }
    },
    "requirements": [
        ["killed_zihang"],["zihang_dead"]
    ],
    "rewards": {
        "experience": 30
    }
}