{
    "display": {
        "icon": {
            "item": "minecraft:egg"
        },
        "title": "彩蛋",
        "description": "恭喜你！你解锁了彩蛋成就！",
        "frame": "task",
        "show_toast": false,
        "announce_to_chat": false,
        "hidden": false,
        "background": "minecraft:textures/gui/advancements/backgrounds/stone.png"

    },
    "criteria": {
        "can_get_eastereggs":{
            "trigger": "minecraft:inventory_changed",
            "conditions": {
                "items": [
                    {
                        "items": [
                            "minecraft:creeper_head"
                        ]
                    }
                ]
            }
        }
        
    },
    "requirements": [
        ["can_get_eastereggs"]
    ]
}